name,rarity,season,type,buy_price_est,sell_price_est,src
공부 니라,UR,1,캐릭터 카드,1500,1500,cards/zutomayocard_1st_1.png
정의 니라,UR,1,캐릭터 카드,1500,1500,cards/zutomayocard_1st_2.png
봉봉 니라,UR,1,캐릭터 카드,1500,1500,cards/zutomayocard_1st_3.png
햄 니라,UR,1,캐릭터 카드,1500,1500,cards/zutomayocard_1st_4.png
샤쿠마 맨,UR,1,인챈트 카드,1500,1500,cards/zutomayocard_1st_5.png
우표 남자와 잉크 네코,UR,1,인챈트 카드,1500,1500,cards/zutomayocard_1st_6.png
회판전기공업㈜ 연구소,UR,1,인챈트 카드,1500,1500,cards/zutomayocard_1st_7.png
방위 시계,UR,1,인챈트 카드,1500,1500,cards/zutomayocard_1st_8.png
공부 니라,SR,1,캐릭터 카드,500,600,cards/zutomayocard_1st_9.png
토리 니라,SR,1,캐릭터 카드,500,600,cards/zutomayocard_1st_10.png
바봉 니라,SR,1,캐릭터 카드,500,600,cards/zutomayocard_1st_11.png
애니메이터 니라,SR,1,캐릭터 카드,500,600,cards/zutomayocard_1st_12.png
아프로☆사무라이,SR,1,캐릭터 카드,500,600,cards/zutomayocard_1st_13.png
JK봄버 니라,SR,1,캐릭터 카드,500,600,cards/zutomayocard_1st_14.png
맥락 니라,SR,1,캐릭터 카드,500,600,cards/zutomayocard_1st_15.png
초침 니라,SR,1,캐릭터 카드,500,600,cards/zutomayocard_1st_16.png
하제 니라,SR,1,캐릭터 카드,500,600,cards/zutomayocard_1st_17.png
동창회 니라,SR,1,캐릭터 카드,500,600,cards/zutomayocard_1st_18.png
튠 니라,SR,1,캐릭터 카드,500,600,cards/zutomayocard_1st_19.png
ZUTOMAYO SQUARE,SR,1,캐릭터 카드,500,600,cards/zutomayocard_1st_20.png
우니구리 증식 중,SR,1,캐릭터 카드,500,600,cards/zutomayocard_1st_21.png
휴머 니라,SR,1,캐릭터 카드,500,600,cards/zutomayocard_1st_22.png
봉봉 니라,SR,1,캐릭터 카드,500,600,cards/zutomayocard_1st_23.png
좌빨 니라,SR,1,캐릭터 카드,500,600,cards/zutomayocard_1st_24.png
현현하는 가위,SR,1,인챈트 카드,500,600,cards/zutomayocard_1st_25.png
개막 선언,SR,1,인챈트 카드,500,600,cards/zutomayocard_1st_26.png
미러 슈터,SR,1,인챈트 카드,500,600,cards/zutomayocard_1st_27.png
스터디 그룹,SR,1,인챈트 카드,500,600,cards/zutomayocard_1st_28.png
전기 레인지,SR,1,인챈트 카드,500,600,cards/zutomayocard_1st_29.png
폭탄같은 구체,SR,1,인챈트 카드,500,600,cards/zutomayocard_1st_30.png
세차 중,SR,1,인챈트 카드,500,600,cards/zutomayocard_1st_31.png
잉크네코 케르베로스,SR,1,인챈트 카드,500,600,cards/zutomayocard_1st_32.png
말뚝잠 니라,R,1,캐릭터 카드,300,300,cards/zutomayocard_1st_33.png
눈부신 DNA팀,R,1,캐릭터 카드,300,300,cards/zutomayocard_1st_34.png
그레이누,R,1,캐릭터 카드,300,300,cards/zutomayocard_1st_35.png
샤쿠마 맨...?,R,1,캐릭터 카드,300,300,cards/zutomayocard_1st_36.png
우니구리 슈퍼스타,R,1,캐릭터 카드,300,300,cards/zutomayocard_1st_37.png
동창회 니라,R,1,캐릭터 카드,300,300,cards/zutomayocard_1st_38.png
햄 그레이,R,1,캐릭터 카드,300,300,cards/zutomayocard_1st_39.png
튠 니라,R,1,캐릭터 카드,300,300,cards/zutomayocard_1st_40.png
니라 메이드와 나나시,R,1,캐릭터 카드,300,300,cards/zutomayocard_1st_41.png
우니구리 군과 미미카유시,R,1,캐릭터 카드,300,300,cards/zutomayocard_1st_42.png
배달원,R,1,캐릭터 카드,300,300,cards/zutomayocard_1st_43.png
NAGA와 아프로☆사무라이,R,1,캐릭터 카드,300,300,cards/zutomayocard_1st_44.png
하제 니라,R,1,캐릭터 카드,300,300,cards/zutomayocard_1st_45.png
정의의 기사,R,1,캐릭터 카드,300,300,cards/zutomayocard_1st_46.png
니라 차이나,R,1,캐릭터 카드,300,300,cards/zutomayocard_1st_47.png
미라보 니라,R,1,캐릭터 카드,300,300,cards/zutomayocard_1st_48.png
크래커 니라,R,1,캐릭터 카드,300,300,cards/zutomayocard_1st_49.png
재배형 우니구리,R,1,캐릭터 카드,300,300,cards/zutomayocard_1st_50.png
봉봉 니라,R,1,캐릭터 카드,300,300,cards/zutomayocard_1st_51.png
도주 중인 분탕 니라,R,1,캐릭터 카드,300,300,cards/zutomayocard_1st_52.png
뇌리 위의 관람차,R,1,인챈트 카드,300,300,cards/zutomayocard_1st_53.png
쵸키 쵸키,R,1,인챈트 카드,300,300,cards/zutomayocard_1st_54.png
조력자 밴드,R,1,인챈트 카드,300,300,cards/zutomayocard_1st_55.png
노을에 비친 풍경,R,1,인챈트 카드,300,300,cards/zutomayocard_1st_56.png
우니구리 빵,R,1,인챈트 카드,300,300,cards/zutomayocard_1st_57.png
폭격 스트라이프,R,1,인챈트 카드,300,300,cards/zutomayocard_1st_58.png
레몬향 우니구리 소테,R,1,인챈트 카드,300,300,cards/zutomayocard_1st_59.png
전격 열쇠,R,1,인챈트 카드,300,300,cards/zutomayocard_1st_60.png
ZUTOMAYO CITY,R,1,인챈트 카드,300,300,cards/zutomayocard_1st_61.png
죽순밥,R,1,인챈트 카드,300,300,cards/zutomayocard_1st_62.png
푹신푹신 고양이,R,1,인챈트 카드,300,300,cards/zutomayocard_1st_63.png
쪼끔 호화로운 아침밥,R,1,인챈트 카드,300,300,cards/zutomayocard_1st_64.png
카키하라 쿠리문토,N,1,캐릭터 카드,300,300,cards/zutomayocard_1st_65.png
박사,N,1,캐릭터 카드,300,300,cards/zutomayocard_1st_66.png
쓰레받기 맨,N,1,캐릭터 카드,300,300,cards/zutomayocard_1st_67.png
우주인 스트링스,N,1,캐릭터 카드,300,300,cards/zutomayocard_1st_68.png
초침 니라,N,1,캐릭터 카드,300,300,cards/zutomayocard_1st_69.png
모포 우니구리 군,N,1,캐릭터 카드,300,300,cards/zutomayocard_1st_70.png
소동 니라,N,1,캐릭터 카드,300,300,cards/zutomayocard_1st_71.png
저혈,N,1,캐릭터 카드,300,300,cards/zutomayocard_1st_72.png
소동 우니구리 군,N,1,캐릭터 카드,300,300,cards/zutomayocard_1st_73.png
프랑켄,N,1,캐릭터 카드,300,300,cards/zutomayocard_1st_74.png
퀼트 니라,N,1,캐릭터 카드,300,300,cards/zutomayocard_1st_75.png
퀼트 우니구리 군,N,1,캐릭터 카드,300,300,cards/zutomayocard_1st_76.png
DNA 니라,N,1,캐릭터 카드,300,300,cards/zutomayocard_1st_77.png
모포 니라,N,1,캐릭터 카드,300,300,cards/zutomayocard_1st_78.png
그레이?,N,1,캐릭터 카드,300,300,cards/zutomayocard_1st_79.png
나나시,N,1,캐릭터 카드,300,300,cards/zutomayocard_1st_80.png
딸기 케이크,N,1,인챈트 카드,300,300,cards/zutomayocard_1st_81.png
영정,N,1,인챈트 카드,300,300,cards/zutomayocard_1st_82.png
회랑,N,1,인챈트 카드,300,300,cards/zutomayocard_1st_83.png
크레이터,N,1,인챈트 카드,300,300,cards/zutomayocard_1st_84.png
어질러진 소파,N,1,인챈트 카드,300,300,cards/zutomayocard_1st_85.png
연(緣),N,1,인챈트 카드,300,300,cards/zutomayocard_1st_86.png
남은 음식,N,1,인챈트 카드,300,300,cards/zutomayocard_1st_87.png
붉은 어둠을 밝히다,N,1,인챈트 카드,300,300,cards/zutomayocard_1st_88.png
시계,N,1,인챈트 카드,300,300,cards/zutomayocard_1st_89.png
DNA 나베,N,1,인챈트 카드,300,300,cards/zutomayocard_1st_90.png
딸꾹질 단원의 마네키네코 가게,N,1,인챈트 카드,300,300,cards/zutomayocard_1st_91.png
묘약 조제,N,1,인챈트 카드,300,300,cards/zutomayocard_1st_92.png
브라운관TV 強,N,1,인챈트 카드,300,300,cards/zutomayocard_1st_93.png
제어실,N,1,인챈트 카드,300,300,cards/zutomayocard_1st_94.png
파라볼라 안테나,N,1,인챈트 카드,300,300,cards/zutomayocard_1st_95.png
FPS,N,1,인챈트 카드,300,300,cards/zutomayocard_1st_96.png
마음 돌보기,N,1,인챈트 카드,300,300,cards/zutomayocard_1st_97.png
슬럼 마트,N,1,인챈트 카드,300,300,cards/zutomayocard_1st_98.png
낙서 교실,N,1,인챈트 카드,300,300,cards/zutomayocard_1st_99.png
식물화,N,1,인챈트 카드,300,300,cards/zutomayocard_1st_100.png
정의의 달걀,N,1,인챈트 카드,300,300,cards/zutomayocard_1st_101.png
건조한 날씨,N,1,인챈트 카드,300,300,cards/zutomayocard_1st_102.png
이권,N,1,인챈트 카드,300,300,cards/zutomayocard_1st_103.png
"고문서, 『소환』",N,1,인챈트 카드,300,300,cards/zutomayocard_1st_104.png
분탕 우니구리 군,SE,1,캐릭터 카드,300,300,cards/zutomayocard_1st_105.jpg
햄 그레이,SE,1,캐릭터 카드,300,300,cards/zutomayocard_1st_106.jpg
잔기 니라,UR,2,캐릭터 카드,1500,1500,cards2/zutomayocard_2nd_1.png
모포 니라,UR,2,캐릭터 카드,1500,1500,cards2/zutomayocard_2nd_2.png
퀼트 니라,UR,2,캐릭터 카드,1500,1500,cards2/zutomayocard_2nd_3.png
튠 니라,UR,2,캐릭터 카드,1500,1500,cards2/zutomayocard_2nd_4.png
그레이누의 한 모금,UR,2,에어리어 인챈트 카드,1500,1500,cards2/zutomayocard_2nd_5.png
그에게 머리가 있던 시절,UR,2,인챈트 카드,1500,1500,cards2/zutomayocard_2nd_6.png
바람을 모아,UR,2,에어리어 인챈트 카드,1500,1500,cards2/zutomayocard_2nd_7.png
키라 메이드 출동!,UR,2,인챈트 카드,1500,1500,cards2/zutomayocard_2nd_8.png
공부 니라,SR,2,캐릭터 카드,500,600,cards2/zutomayocard_2nd_9.png
잔기 니라,SR,2,캐릭터 카드,500,600,cards2/zutomayocard_2nd_10.png
분탕 니라,SR,2,캐릭터 카드,500,600,cards2/zutomayocard_2nd_11.png
동창회 니라,SR,2,캐릭터 카드,500,600,cards2/zutomayocard_2nd_12.png
아프로☆사무라이,SR,2,캐릭터 카드,500,600,cards2/zutomayocard_2nd_13.png
즛토마루키 호,SR,2,캐릭터 카드,500,600,cards2/zutomayocard_2nd_14.png
홍살귀상어 놀이기구,SR,2,캐릭터 카드,500,600,cards2/zutomayocard_2nd_15.png
니라 차이나,SR,2,캐릭터 카드,500,600,cards2/zutomayocard_2nd_16.png
퀼트 니라,SR,2,캐릭터 카드,500,600,cards2/zutomayocard_2nd_17.png
박사,SR,2,캐릭터 카드,500,600,cards2/zutomayocard_2nd_18.png
튠 그레이,SR,2,캐릭터 카드,500,600,cards2/zutomayocard_2nd_19.png
렉카 니라,SR,2,캐릭터 카드,500,600,cards2/zutomayocard_2nd_20.png
초침 니라,SR,2,캐릭터 카드,500,600,cards2/zutomayocard_2nd_21.png
"니라 메이드와
        나나시와 키라쨩",SR,2,캐릭터 카드,500,600,cards2/zutomayocard_2nd_22.png
키라 니라,SR,2,캐릭터 카드,500,600,cards2/zutomayocard_2nd_23.png
튠 니라,SR,2,캐릭터 카드,500,600,cards2/zutomayocard_2nd_24.png
"떨리는 목소리에
        귀를 기울이며",SR,2,인챈트 카드,500,600,cards2/zutomayocard_2nd_25.png
"회판전기공업㈜
        연구소 간부들",SR,2,인챈트 카드,500,600,cards2/zutomayocard_2nd_26.png
"우니구리 군과
        나폴리탄 스파게티",SR,2,인챈트 카드,500,600,cards2/zutomayocard_2nd_27.png
욕조 파티,SR,2,인챈트 카드,500,600,cards2/zutomayocard_2nd_28.png
밤샘,SR,2,인챈트 카드,500,600,cards2/zutomayocard_2nd_29.png
우니구리 배양 중,SR,2,인챈트 카드,500,600,cards2/zutomayocard_2nd_30.png
배달 중,SR,2,인챈트 카드,500,600,cards2/zutomayocard_2nd_31.png
열망,SR,2,인챈트 카드,500,600,cards2/zutomayocard_2nd_32.png
바봉 그레이,R,2,캐릭터 카드,300,300,cards2/zutomayocard_2nd_33.png
바봉 니라,R,2,캐릭터 카드,300,300,cards2/zutomayocard_2nd_34.png
키라쨩,R,2,캐릭터 카드,300,300,cards2/zutomayocard_2nd_35.png
봉봉 니라,R,2,캐릭터 카드,300,300,cards2/zutomayocard_2nd_36.png
니라쨩 인형,R,2,캐릭터 카드,300,300,cards2/zutomayocard_2nd_37.png
하제 니라,R,2,캐릭터 카드,300,300,cards2/zutomayocard_2nd_38.png
회판전기공업㈜ 간부,R,2,캐릭터 카드,300,300,cards2/zutomayocard_2nd_39.png
"우유와 콘크리트로
        만들어진 고양이",R,2,캐릭터 카드,300,300,cards2/zutomayocard_2nd_40.png
우니구리 화백,R,2,캐릭터 카드,300,300,cards2/zutomayocard_2nd_41.png
알바생과 제빵사,R,2,캐릭터 카드,300,300,cards2/zutomayocard_2nd_42.png
하제 니라,R,2,캐릭터 카드,300,300,cards2/zutomayocard_2nd_43.png
ZUTOMAYO 칵테일,R,2,캐릭터 카드,300,300,cards2/zutomayocard_2nd_44.png
키라 니라와 키라쨩,R,2,캐릭터 카드,300,300,cards2/zutomayocard_2nd_45.png
한밤중의 네코리셋,R,2,캐릭터 카드,300,300,cards2/zutomayocard_2nd_46.png
니라 메이드,R,2,캐릭터 카드,300,300,cards2/zutomayocard_2nd_47.png
방랑자 우니구리 군,R,2,캐릭터 카드,300,300,cards2/zutomayocard_2nd_48.png
키라 메이크업,R,2,캐릭터 카드,300,300,cards2/zutomayocard_2nd_49.png
옷깃 머리 씨,R,2,캐릭터 카드,300,300,cards2/zutomayocard_2nd_50.png
나츠가레 니라,R,2,캐릭터 카드,300,300,cards2/zutomayocard_2nd_51.png
프랑켄,R,2,캐릭터 카드,300,300,cards2/zutomayocard_2nd_52.png
최후의 수단,R,2,인챈트 카드,300,300,cards2/zutomayocard_2nd_53.png
"다른 세계선, 다른 모습",R,2,인챈트 카드,300,300,cards2/zutomayocard_2nd_54.png
ZTMY 인형 뽑기,R,2,인챈트 카드,300,300,cards2/zutomayocard_2nd_55.png
알바 끝난 두 친구,R,2,인챈트 카드,300,300,cards2/zutomayocard_2nd_56.png
"당신의 모든 것을
        알고 싶어요",R,2,인챈트 카드,300,300,cards2/zutomayocard_2nd_57.png
개점 준비,R,2,에어리어 인챈트 카드,300,300,cards2/zutomayocard_2nd_58.png
잡아랏,R,2,인챈트 카드,300,300,cards2/zutomayocard_2nd_59.png
추억이 담긴 카메라,R,2,인챈트 카드,300,300,cards2/zutomayocard_2nd_60.png
정의의 우산,R,2,인챈트 카드,300,300,cards2/zutomayocard_2nd_61.png
밤 물결에 비친 달,R,2,인챈트 카드,300,300,cards2/zutomayocard_2nd_62.png
하잇~ 치즈!,R,2,인챈트 카드,300,300,cards2/zutomayocard_2nd_63.png
우니기리 데구르르..,R,2,에어리어 인챈트 카드,300,300,cards2/zutomayocard_2nd_64.png
봉봉 우니구리 군,N,2,캐릭터 카드,300,300,cards2/zutomayocard_2nd_65.png
바봉 그레이,N,2,캐릭터 카드,300,300,cards2/zutomayocard_2nd_66.png
무라쿠모노츠루기（잔기）,N,2,캐릭터 카드,300,300,cards2/zutomayocard_2nd_67.png
도플갱어,N,2,캐릭터 카드,300,300,cards2/zutomayocard_2nd_68.png
우니구리 －극－,N,2,캐릭터 카드,300,300,cards2/zutomayocard_2nd_69.png
좌빨 니라,N,2,캐릭터 카드,300,300,cards2/zutomayocard_2nd_70.png
크래커 니라,N,2,캐릭터 카드,300,300,cards2/zutomayocard_2nd_71.png
쵸쵸와 튠 니라,N,2,캐릭터 카드,300,300,cards2/zutomayocard_2nd_72.png
공부 니라,N,2,캐릭터 카드,300,300,cards2/zutomayocard_2nd_73.png
나나시,N,2,캐릭터 카드,300,300,cards2/zutomayocard_2nd_74.png
키라 그레이와 키라 니라,N,2,캐릭터 카드,300,300,cards2/zutomayocard_2nd_75.png
휴머노이드,N,2,캐릭터 카드,300,300,cards2/zutomayocard_2nd_76.png
저혈,N,2,캐릭터 카드,300,300,cards2/zutomayocard_2nd_77.png
나츠가레 니라,N,2,캐릭터 카드,300,300,cards2/zutomayocard_2nd_78.png
휴머 니라,N,2,캐릭터 카드,300,300,cards2/zutomayocard_2nd_79.png
미라보 니라,N,2,캐릭터 카드,300,300,cards2/zutomayocard_2nd_80.png
맛있는 야미나베 전문점,N,2,인챈트 카드,300,300,cards2/zutomayocard_2nd_81.png
적신호,N,2,인챈트 카드,300,300,cards2/zutomayocard_2nd_82.png
그 날의 풍경,N,2,인챈트 카드,300,300,cards2/zutomayocard_2nd_83.png
여우의 창,N,2,인챈트 카드,300,300,cards2/zutomayocard_2nd_84.png
십자로,N,2,인챈트 카드,300,300,cards2/zutomayocard_2nd_85.png
봉인,N,2,에어리어 인챈트 카드,300,300,cards2/zutomayocard_2nd_86.png
사는 세상이 다른 거야,N,2,인챈트 카드,300,300,cards2/zutomayocard_2nd_87.png
공장 견학,N,2,인챈트 카드,300,300,cards2/zutomayocard_2nd_88.png
세제,N,2,인챈트 카드,300,300,cards2/zutomayocard_2nd_89.png
나이스 샷,N,2,인챈트 카드,300,300,cards2/zutomayocard_2nd_90.png
존재할 자리,N,2,인챈트 카드,300,300,cards2/zutomayocard_2nd_91.png
만찬회,N,2,에어리어 인챈트 카드,300,300,cards2/zutomayocard_2nd_92.png
콜드 슬립,N,2,인챈트 카드,300,300,cards2/zutomayocard_2nd_93.png
금지된 만남,N,2,인챈트 카드,300,300,cards2/zutomayocard_2nd_94.png
사인 폴,N,2,인챈트 카드,300,300,cards2/zutomayocard_2nd_95.png
14.4광년의 거리,N,2,인챈트 카드,300,300,cards2/zutomayocard_2nd_96.png
별가루와 악수를,N,2,인챈트 카드,300,300,cards2/zutomayocard_2nd_97.png
온라인에서의 평가,N,2,에어리어 인챈트 카드,300,300,cards2/zutomayocard_2nd_98.png
도약,N,2,인챈트 카드,300,300,cards2/zutomayocard_2nd_99.png
시계탑,N,2,인챈트 카드,300,300,cards2/zutomayocard_2nd_100.png
게시판,N,2,인챈트 카드,300,300,cards2/zutomayocard_2nd_101.png
편지 투고,N,2,인챈트 카드,300,300,cards2/zutomayocard_2nd_102.png
감시 모니터,N,2,인챈트 카드,300,300,cards2/zutomayocard_2nd_103.png
황폐한 세계,N,2,에어리어 인챈트 카드,300,300,cards2/zutomayocard_2nd_104.png
KKB 니라,SE,2,캐릭터 카드,300,300,cards2/zutomayocard_2nd_105.jpg
비키니라,SE,2,캐릭터 카드,300,300,cards2/zutomayocard_2nd_106.jpg
초침 니라,UR,3,캐릭터 카드,1500,1500,cards3/zutomayocard_3rd_1.png
저혈,UR,3,캐릭터 카드,1500,1500,cards3/zutomayocard_3rd_2.png
네코 니라,UR,3,캐릭터 카드,1500,1500,cards3/zutomayocard_3rd_3.png
동창회 니라,UR,3,캐릭터 카드,1500,1500,cards3/zutomayocard_3rd_4.png
제멋대로의 암호 “＿”,UR,3,인챈트 카드,1500,1500,cards3/zutomayocard_3rd_5.png
초침을 깨물다,UR,3,인챈트 카드,1500,1500,cards3/zutomayocard_3rd_6.png
저 녀석들,UR,3,인챈트 카드,1500,1500,cards3/zutomayocard_3rd_7.png
"메이드 니라와
        버틀러 니라",UR,3,인챈트 카드,1500,1500,cards3/zutomayocard_3rd_8.png
튠 니라,SR,3,캐릭터 카드,500,600,cards3/zutomayocard_3rd_9.png
공부 니라,SR,3,캐릭터 카드,500,600,cards3/zutomayocard_3rd_10.png
키라 니라,SR,3,캐릭터 카드,500,600,cards3/zutomayocard_3rd_11.png
모포 니라,SR,3,캐릭터 카드,500,600,cards3/zutomayocard_3rd_12.png
봉봉 그레이,SR,3,캐릭터 카드,500,600,cards3/zutomayocard_3rd_13.png
전대 레인저 하트 레드,SR,3,캐릭터 카드,500,600,cards3/zutomayocard_3rd_14.png
정의 니라,SR,3,캐릭터 카드,500,600,cards3/zutomayocard_3rd_15.png
소동 니라,SR,3,캐릭터 카드,500,600,cards3/zutomayocard_3rd_16.png
니라 메이드와 나나시,SR,3,캐릭터 카드,500,600,cards3/zutomayocard_3rd_17.png
네코 니라,SR,3,캐릭터 카드,500,600,cards3/zutomayocard_3rd_18.png
봉봉 니라,SR,3,캐릭터 카드,500,600,cards3/zutomayocard_3rd_19.png
다른 곡 니라,SR,3,캐릭터 카드,500,600,cards3/zutomayocard_3rd_20.png
분탕 니라,SR,3,캐릭터 카드,500,600,cards3/zutomayocard_3rd_21.png
하제 니라,SR,3,캐릭터 카드,500,600,cards3/zutomayocard_3rd_22.png
불침 니라와 라니,SR,3,캐릭터 카드,500,600,cards3/zutomayocard_3rd_23.png
우니구리의 휴가,SR,3,캐릭터 카드,500,600,cards3/zutomayocard_3rd_24.png
사랑의 페가수스,SR,3,인챈트 카드,500,600,cards3/zutomayocard_3rd_25.png
Trick & Treat,SR,3,인챈트 카드,500,600,cards3/zutomayocard_3rd_26.png
비참한 해방,SR,3,인챈트 카드,500,600,cards3/zutomayocard_3rd_27.png
폭발이다 ― !,SR,3,인챈트 카드,500,600,cards3/zutomayocard_3rd_28.png
댄스― 댄스― 댄스―,SR,3,인챈트 카드,500,600,cards3/zutomayocard_3rd_29.png
오늘 밤 나베 재료,SR,3,인챈트 카드,500,600,cards3/zutomayocard_3rd_30.png
달빛,SR,3,인챈트 카드,500,600,cards3/zutomayocard_3rd_31.png
우니구리 부락,SR,3,인챈트 카드,500,600,cards3/zutomayocard_3rd_32.png
ZUTOMAYO PUZZLE GAME,R,3,캐릭터 카드,300,300,cards3/zutomayocard_3rd_33.png
몬메 니라,R,3,캐릭터 카드,300,300,cards3/zutomayocard_3rd_34.png
DNA 니라,R,3,캐릭터 카드,300,300,cards3/zutomayocard_3rd_35.png
유사 생강이,R,3,캐릭터 카드,300,300,cards3/zutomayocard_3rd_36.png
키라 니라,R,3,캐릭터 카드,300,300,cards3/zutomayocard_3rd_37.png
좌빨 니라,R,3,캐릭터 카드,300,300,cards3/zutomayocard_3rd_38.png
DNA 니라,R,3,캐릭터 카드,300,300,cards3/zutomayocard_3rd_39.png
불침 라니,R,3,캐릭터 카드,300,300,cards3/zutomayocard_3rd_40.png
키라 니라와 키라쨩,R,3,캐릭터 카드,300,300,cards3/zutomayocard_3rd_41.png
정의 니라,R,3,캐릭터 카드,300,300,cards3/zutomayocard_3rd_42.png
ZUTOMAYO KIDS,R,3,캐릭터 카드,300,300,cards3/zutomayocard_3rd_43.png
니라 밴드,R,3,캐릭터 카드,300,300,cards3/zutomayocard_3rd_44.png
ZUTOMAYO QUEST,R,3,캐릭터 카드,300,300,cards3/zutomayocard_3rd_45.png
작은 응원단,R,3,캐릭터 카드,300,300,cards3/zutomayocard_3rd_46.png
휴머 니라,R,3,캐릭터 카드,300,300,cards3/zutomayocard_3rd_47.png
조합 중인 우니구리,R,3,캐릭터 카드,300,300,cards3/zutomayocard_3rd_48.png
생강이,R,3,캐릭터 카드,300,300,cards3/zutomayocard_3rd_49.png
"불침 니라와 라니
        data-season=",R,3,캐릭터 카드,300,300,cards3/zutomayocard_3rd_50.png
키라 니라와 키라쨩,R,3,캐릭터 카드,300,300,cards3/zutomayocard_3rd_51.png
크래커 니라,R,3,캐릭터 카드,300,300,cards3/zutomayocard_3rd_52.png
잔기검,R,3,인챈트 카드,300,300,cards3/zutomayocard_3rd_53.png
7번째 계정으로 트윗해,R,3,인챈트 카드,300,300,cards3/zutomayocard_3rd_54.png
적당한 랠리는 이제 끝이야,R,3,에어리어 인챈트 카드,300,300,cards3/zutomayocard_3rd_55.png
오벤또시토이테요,R,3,인챈트 카드,300,300,cards3/zutomayocard_3rd_56.png
개매운 니라―멘,R,3,인챈트 카드,300,300,cards3/zutomayocard_3rd_57.png
이도류,R,3,에어리어 인챈트 카드,300,300,cards3/zutomayocard_3rd_58.png
소꿉놀이,R,3,인챈트 카드,300,300,cards3/zutomayocard_3rd_59.png
To Be Continued,R,3,인챈트 카드,300,300,cards3/zutomayocard_3rd_60.png
GAME CENTER TECHNO POOR,R,3,에어리어 인챈트 카드,300,300,cards3/zutomayocard_3rd_61.png
최고의 콘부다시,R,3,인챈트 카드,300,300,cards3/zutomayocard_3rd_62.png
우니구리 스매쉬,R,3,인챈트 카드,300,300,cards3/zutomayocard_3rd_63.png
커플폰,R,3,에어리어 인챈트 카드,300,300,cards3/zutomayocard_3rd_64.png
박사,N,3,캐릭터 카드,300,300,cards3/zutomayocard_3rd_65.png
몬메 니라,N,3,캐릭터 카드,300,300,cards3/zutomayocard_3rd_66.png
사시미,N,3,캐릭터 카드,300,300,cards3/zutomayocard_3rd_67.png
잔기 니라,N,3,캐릭터 카드,300,300,cards3/zutomayocard_3rd_68.png
초침 우니구리,N,3,캐릭터 카드,300,300,cards3/zutomayocard_3rd_69.png
잉크 네코,N,3,캐릭터 카드,300,300,cards3/zutomayocard_3rd_70.png
정의 니라,N,3,캐릭터 카드,300,300,cards3/zutomayocard_3rd_71.png
튠 니라,N,3,캐릭터 카드,300,300,cards3/zutomayocard_3rd_72.png
생강 스트링스,N,3,캐릭터 카드,300,300,cards3/zutomayocard_3rd_73.png
실외기 위의 우니구리 군,N,3,캐릭터 카드,300,300,cards3/zutomayocard_3rd_74.png
MAYONAKA,N,3,캐릭터 카드,300,300,cards3/zutomayocard_3rd_75.png
동창회 니라,N,3,캐릭터 카드,300,300,cards3/zutomayocard_3rd_76.png
불침 니라,N,3,캐릭터 카드,300,300,cards3/zutomayocard_3rd_77.png
불침 라니,N,3,캐릭터 카드,300,300,cards3/zutomayocard_3rd_78.png
햄 니라,N,3,캐릭터 카드,300,300,cards3/zutomayocard_3rd_79.png
미미카유시,N,3,캐릭터 카드,300,300,cards3/zutomayocard_3rd_80.png
CITY HIGHWAY,N,3,인챈트 카드,300,300,cards3/zutomayocard_3rd_81.png
스파이,N,3,인챈트 카드,300,300,cards3/zutomayocard_3rd_82.png
"서로 마주 돌고
        있었던 거야",N,3,인챈트 카드,300,300,cards3/zutomayocard_3rd_83.png
평범한 생활,N,3,인챈트 카드,300,300,cards3/zutomayocard_3rd_84.png
연을 끊다,N,3,에어리어 인챈트 카드,300,300,cards3/zutomayocard_3rd_85.png
“안녕”이라고 말하지마,N,3,에어리어 인챈트 카드,300,300,cards3/zutomayocard_3rd_86.png
만찬회의 식사,N,3,인챈트 카드,300,300,cards3/zutomayocard_3rd_87.png
향로,N,3,인챈트 카드,300,300,cards3/zutomayocard_3rd_88.png
세포 분열,N,3,인챈트 카드,300,300,cards3/zutomayocard_3rd_89.png
돌아갈 수 없는 나,N,3,인챈트 카드,300,300,cards3/zutomayocard_3rd_90.png
피험자,N,3,에어리어 인챈트 카드,300,300,cards3/zutomayocard_3rd_91.png
야영,N,3,에어리어 인챈트 카드,300,300,cards3/zutomayocard_3rd_92.png
스위치,N,3,인챈트 카드,300,300,cards3/zutomayocard_3rd_93.png
발사,N,3,인챈트 카드,300,300,cards3/zutomayocard_3rd_94.png
청소 중,N,3,인챈트 카드,300,300,cards3/zutomayocard_3rd_95.png
AM 6:30,N,3,인챈트 카드,300,300,cards3/zutomayocard_3rd_96.png
경계 태세,N,3,에어리어 인챈트 카드,300,300,cards3/zutomayocard_3rd_97.png
영양 보급,N,3,에어리어 인챈트 카드,300,300,cards3/zutomayocard_3rd_98.png
정리,N,3,인챈트 카드,300,300,cards3/zutomayocard_3rd_99.png
박쥐,N,3,인챈트 카드,300,300,cards3/zutomayocard_3rd_100.png
연구 루틴,N,3,인챈트 카드,300,300,cards3/zutomayocard_3rd_101.png
구멍 파기,N,3,인챈트 카드,300,300,cards3/zutomayocard_3rd_102.png
치료법을 생각하다,N,3,에어리어 인챈트 카드,300,300,cards3/zutomayocard_3rd_103.png
당신이 아니면 안 돼,N,3,에어리어 인챈트 카드,300,300,cards3/zutomayocard_3rd_104.png
The Shadow,SE,3,캐릭터 카드,300,300,cards3/zutomayocard_3rd_105.jpg
네코 리셋터,SE,3,캐릭터 카드,300,300,cards3/zutomayocard_3rd_106.jpg
타이다다 니라,UR,4,캐릭터 카드,1500,1500,cards4/zutomayocard_4th_001.jpg
무도회에서 라스트 댄스를,UR,4,캐릭터 카드,1500,1500,cards4/zutomayocard_4th_002.jpg
셰이드 니라,UR,4,캐릭터 카드,1500,1500,cards4/zutomayocard_4th_003.jpg
메가구리 군,UR,4,캐릭터 카드,1500,1500,cards4/zutomayocard_4th_004.jpg
DNA 니라,UR,4,캐릭터 카드,1500,1500,cards4/zutomayocard_4th_005.jpg
해마 니라,UR,4,캐릭터 카드,1500,1500,cards4/zutomayocard_4th_006.jpg
선망,UR,4,인챈트 카드,1500,1500,cards4/zutomayocard_4th_007.jpg
아침 노을의 쓰레받기 맨,UR,4,인챈트 카드,1500,1500,cards4/zutomayocard_4th_008.jpg
해저의 경치,UR,4,인챈트 카드,1500,1500,cards4/zutomayocard_4th_009.jpg
타이다다 니라,SR,4,캐릭터 카드,500,600,cards4/zutomayocard_4th_010.jpg
크림 니라,SR,4,캐릭터 카드,500,600,cards4/zutomayocard_4th_011.jpg
몬메 니라,SR,4,캐릭터 카드,500,600,cards4/zutomayocard_4th_012.jpg
카페에 모인 니라쨩 일행,SR,4,캐릭터 카드,500,600,cards4/zutomayocard_4th_013.jpg
우니구림 월드,SR,4,캐릭터 카드,500,600,cards4/zutomayocard_4th_014.jpg
소동 니라,SR,4,캐릭터 카드,500,600,cards4/zutomayocard_4th_015.jpg
우소 니라와 사시미,SR,4,캐릭터 카드,500,600,cards4/zutomayocard_4th_016.jpg
쿠즈리 니라,SR,4,캐릭터 카드,500,600,cards4/zutomayocard_4th_017.jpg
우니구리 원정대,SR,4,캐릭터 카드,500,600,cards4/zutomayocard_4th_018.jpg
봉봉 니라,SR,4,캐릭터 카드,500,600,cards4/zutomayocard_4th_019.jpg
해마 니라,SR,4,캐릭터 카드,500,600,cards4/zutomayocard_4th_020.jpg
편순이 니라,SR,4,캐릭터 카드,500,600,cards4/zutomayocard_4th_021.jpg
퀼트 니라,SR,4,캐릭터 카드,500,600,cards4/zutomayocard_4th_022.jpg
공부 니라,SR,4,캐릭터 카드,500,600,cards4/zutomayocard_4th_023.jpg
공부 니라,SR,4,캐릭터 카드,500,600,cards4/zutomayocard_4th_024.jpg
나츠가레 니라,SR,4,캐릭터 카드,500,600,cards4/zutomayocard_4th_025.jpg
우니구리 미로,SR,4,캐릭터 카드,500,600,cards4/zutomayocard_4th_026.jpg
토리 니라,SR,4,캐릭터 카드,500,600,cards4/zutomayocard_4th_027.jpg
각성 카타치 라니,SR,4,캐릭터 카드,500,600,cards4/zutomayocard_4th_028.jpg
고향에 대한 동경,SR,4,인챈트 카드,500,600,cards4/zutomayocard_4th_029.jpg
I'm CREAMY!!?,SR,4,에어리어 인챈트 카드,500,600,cards4/zutomayocard_4th_030.jpg
함께 미래로,SR,4,인챈트 카드,500,600,cards4/zutomayocard_4th_031.jpg
이어붙인 메모,SR,4,에어리어 인챈트 카드,500,600,cards4/zutomayocard_4th_032.jpg
끝으로부터의 시작,SR,4,에어리어 인챈트 카드,500,600,cards4/zutomayocard_4th_033.jpg
스타더스트 우니구리 군,R,4,캐릭터 카드,300,300,cards4/zutomayocard_4th_034.jpg
타이다다 니라,R,4,캐릭터 카드,300,300,cards4/zutomayocard_4th_035.jpg
크림 니라,R,4,캐릭터 카드,300,300,cards4/zutomayocard_4th_036.jpg
그레이누,R,4,캐릭터 카드,300,300,cards4/zutomayocard_4th_037.jpg
초침 니라,R,4,캐릭터 카드,300,300,cards4/zutomayocard_4th_038.jpg
쿠즈리 니라,R,4,캐릭터 카드,300,300,cards4/zutomayocard_4th_039.jpg
미미카유시 파르페,R,4,캐릭터 카드,300,300,cards4/zutomayocard_4th_040.jpg
잉크 네코,R,4,캐릭터 카드,300,300,cards4/zutomayocard_4th_041.jpg
우니크림 선데,R,4,캐릭터 카드,300,300,cards4/zutomayocard_4th_042.jpg
증기구리 군,R,4,캐릭터 카드,300,300,cards4/zutomayocard_4th_043.jpg
라이더 우니구리 군,R,4,캐릭터 카드,300,300,cards4/zutomayocard_4th_044.jpg
우니생강 아라모드,R,4,캐릭터 카드,300,300,cards4/zutomayocard_4th_045.jpg
반짝반짝 생강이,R,4,캐릭터 카드,300,300,cards4/zutomayocard_4th_046.jpg
아프로☆코스모,R,4,캐릭터 카드,300,300,cards4/zutomayocard_4th_047.jpg
배달왔구리생강,R,4,캐릭터 카드,300,300,cards4/zutomayocard_4th_048.jpg
아가 나나시,R,4,캐릭터 카드,300,300,cards4/zutomayocard_4th_049.jpg
하제 니라,R,4,캐릭터 카드,300,300,cards4/zutomayocard_4th_050.jpg
초침 니라,R,4,캐릭터 카드,300,300,cards4/zutomayocard_4th_051.jpg
즛토마요 아카이브,R,4,캐릭터 카드,300,300,cards4/zutomayocard_4th_052.jpg
공부 니라,R,4,캐릭터 카드,300,300,cards4/zutomayocard_4th_053.jpg
교체,R,4,인챈트 카드,300,300,cards4/zutomayocard_4th_054.jpg
반짝반짝 바이크 타고 등장,R,4,인챈트 카드,300,300,cards4/zutomayocard_4th_055.jpg
무덤 댄스,R,4,인챈트 카드,300,300,cards4/zutomayocard_4th_056.jpg
미래를 예지하는 초침 소리,R,4,인챈트 카드,300,300,cards4/zutomayocard_4th_057.jpg
공동 연마,R,4,인챈트 카드,300,300,cards4/zutomayocard_4th_058.jpg
심야 라멘 ㄹㅇ범죄,R,4,인챈트 카드,300,300,cards4/zutomayocard_4th_059.jpg
우정 2제곱,R,4,인챈트 카드,300,300,cards4/zutomayocard_4th_060.jpg
무대의 재순환,R,4,인챈트 카드,300,300,cards4/zutomayocard_4th_061.jpg
조립하다,R,4,인챈트 카드,300,300,cards4/zutomayocard_4th_062.jpg
꽃보다 식사,R,4,인챈트 카드,300,300,cards4/zutomayocard_4th_063.jpg
서머 우니구리즈,R,4,인챈트 카드,300,300,cards4/zutomayocard_4th_064.jpg
JK 바이오스코프,R,4,에어리어 인챈트 카드,300,300,cards4/zutomayocard_4th_065.jpg
해마 생강이,N,4,캐릭터 카드,300,300,cards4/zutomayocard_4th_066.jpg
타이다다 우주인 스트링스,N,4,캐릭터 카드,300,300,cards4/zutomayocard_4th_067.jpg
타이다다 우니구리 군,N,4,캐릭터 카드,300,300,cards4/zutomayocard_4th_068.jpg
타이다다 니라,N,4,캐릭터 카드,300,300,cards4/zutomayocard_4th_069.jpg
"타이다다 우니구리 군과 
        타이다다 니라",N,4,캐릭터 카드,300,300,cards4/zutomayocard_4th_070.jpg
스트라이프 사부,N,4,캐릭터 카드,300,300,cards4/zutomayocard_4th_071.jpg
케무리 우니구리 군,N,4,캐릭터 카드,300,300,cards4/zutomayocard_4th_072.jpg
셰이드 셰퍼드 부대,N,4,캐릭터 카드,300,300,cards4/zutomayocard_4th_073.jpg
셰이드 니라,N,4,캐릭터 카드,300,300,cards4/zutomayocard_4th_074.jpg
괴도 잉크 네코,N,4,캐릭터 카드,300,300,cards4/zutomayocard_4th_075.jpg
그레이누,N,4,캐릭터 카드,300,300,cards4/zutomayocard_4th_076.jpg
카타치 니라,N,4,캐릭터 카드,300,300,cards4/zutomayocard_4th_077.jpg
미열마 니라,N,4,캐릭터 카드,300,300,cards4/zutomayocard_4th_078.jpg
크림 니라,N,4,캐릭터 카드,300,300,cards4/zutomayocard_4th_079.jpg
택시 기사 그레이,N,4,캐릭터 카드,300,300,cards4/zutomayocard_4th_080.jpg
렉카 니라,N,4,캐릭터 카드,300,300,cards4/zutomayocard_4th_081.jpg
무겐,N,4,캐릭터 카드,300,300,cards4/zutomayocard_4th_082.jpg
그레이...?,N,4,캐릭터 카드,300,300,cards4/zutomayocard_4th_083.jpg
하제 니라,N,4,캐릭터 카드,300,300,cards4/zutomayocard_4th_084.jpg
대괴수 우니구리,N,4,캐릭터 카드,300,300,cards4/zutomayocard_4th_085.jpg
공부 니라,N,4,캐릭터 카드,300,300,cards4/zutomayocard_4th_086.jpg
니라 차이나,N,4,캐릭터 카드,300,300,cards4/zutomayocard_4th_087.jpg
니라쨩...?,N,4,캐릭터 카드,300,300,cards4/zutomayocard_4th_088.jpg
유괴,N,4,인챈트 카드,300,300,cards4/zutomayocard_4th_089.jpg
죽은 자의 소생,N,4,인챈트 카드,300,300,cards4/zutomayocard_4th_090.jpg
반격의 한 방,N,4,에어리어 인챈트 카드,300,300,cards4/zutomayocard_4th_091.jpg
진두 지휘,N,4,인챈트 카드,300,300,cards4/zutomayocard_4th_092.jpg
아픔 나누기,N,4,인챈트 카드,300,300,cards4/zutomayocard_4th_093.jpg
수색 중!,N,4,에어리어 인챈트 카드,300,300,cards4/zutomayocard_4th_094.jpg
웃을 수 없는 조크,N,4,에어리어 인챈트 카드,300,300,cards4/zutomayocard_4th_095.jpg
웨빙 맵,N,4,인챈트 카드,300,300,cards4/zutomayocard_4th_096.jpg
셋이서 한 팀,N,4,인챈트 카드,300,300,cards4/zutomayocard_4th_097.jpg
요양,N,4,인챈트 카드,300,300,cards4/zutomayocard_4th_098.jpg
직업 체인지,N,4,인챈트 카드,300,300,cards4/zutomayocard_4th_099.jpg
폭탄의 위치,N,4,인챈트 카드,300,300,cards4/zutomayocard_4th_100.jpg
소프트 아이스크림,N,4,인챈트 카드,300,300,cards4/zutomayocard_4th_101.jpg
시간을 달리다,N,4,인챈트 카드,300,300,cards4/zutomayocard_4th_102.jpg
파이어 스톰,N,4,인챈트 카드,300,300,cards4/zutomayocard_4th_103.jpg
플래쉬백,N,4,인챈트 카드,300,300,cards4/zutomayocard_4th_104.jpg
쓰레받기 맨이다!!,SE,4,캐릭터 카드,300,300,cards4/zutomayocard_4th_105.jpg
"괜찮아, 너와 나만이（무죄）",SE,4,인챈트 카드,300,300,cards4/zutomayocard_4th_106.jpg
해마까지 재투성이,SE,4,인챈트 카드,300,300,cards4/zutomayocard_4th_107.jpg
